지사	주소	좌표
진주본사	경남 진주시 소호로 102 (충무공동)	
승강기안전기술원	경남 거창군 남상면 승강기길 80	
승강기인재개발원	경남 거창군 남상면 승강기단지길 154	
서울지역본부	서울 구로구 디지털로31길 41, 13층 (구로동, 이앤씨벤처드림타워 6차)	
부산경남지역본부	부산 부산진구 황령대로 24, 6층 (범천동, 부산상공회의소)	
대구경북지역본부	대구 달서구 계대동문로 124, 7층 (이곡동, 대신하이웰)	
경인지역본부	인천 남동구 논현로46번길 23, 7층 (한국토지주택공사 인천지역본부)	
경기강원지역본부	경기 수원시 영통구 광교로 146, 9층 (안효빌딩)	
충청지역본부	세종특별자치시 정부2청사로 10, 6층 (SM타워)	
호남지역본부	광주 서구 죽봉대로 52, 3층 (한국교직원공제회 광주회관)	
서울남서지사	서울 구로구 디지털로31길 53, 2층	
서울동부지사	서울 성동구 천호대로 376, 7층 (학천빌딩)	
서울서부지사	서울 마포구 토정로 318, 5층 (영우빌딩)	
서울북부지사	서울 도봉구 삼양로 538-5, 301호 (쌍문동, 덕성여대역리가빌딩)	
서울강남지사	서울 강남구 영동대로 316, 8층 (대치동, 새마을운동중앙회)	
서울강동지사	서울 강동구 양재대로 1473, 9층 (희헌타워)	
서울서초지사	서울 서초구 서초대로 67, 7층 (방배동, 성령빌딩)	
서울강서지사	서울 강서구 공항대로 287, 3층 (등촌동, 화인빌딩)	
부산서부지사	부산 부산진구 황령대로 24, 6층 (범천동, 부산상공회의소)	
부산동부지사	부산 해운대구 센텀중앙로 90, 1909호 (큐비이센텀)	
부산북부지사	부산 금정구 금정로 252, 10층 (세정타워)	
울산지사	울산 중구 종가로 362-11, 301호 (울산그린카기술센터)	
경남동부지사	경남 창원시 성산구 원이대로 362, E 501호 (대원동, 컨벤션센터)	
경남서부지사	경남 창원시 마산회원구 3·15대로 685, 4층 (석전동, 현대자동차마산동부사옥)	
진주출장소	경남 진주시 신안로 94, 201호 (신안동, KB손해보험)	
대구서부지사	대구 달서구 계대동문로 124, 6층 (이곡동, 대신하이웰)	
대구동부지사	대구 동구 동대구로 471, 12층 (대구콘텐츠센터)	
경북동부지사	경북 포항시 북구 삼흥로 95, 5층 (kt북포항지사)	
경북서부지사	경북 구미시 이계북로 7, 2층 (경상북도경제진흥원)	
인천남부지사	인천 남동구 논현로46번길 23, 7층 (한국토지주택공사 인천지역본부)	
경기북부지사	경기 구리시 산마루로 19, 501호 (갈매동, 진영트윈타워B동)	
양주출장소	경기 양주시 옥정동로7가길 30, 508호 (옥정동, 폴리프라자)	
고양파주지사	경기 고양시 일산서구 킨텍스로 217-59, 401~403호 (킨텍스제2전시장 오피스동)	
인천동부지사	인천 부평구 무네미로 478, 본부동 3층 (구산동, 인천노동복지합동청사)	
안산지사	경기 안산시 상록구 해안로 705, 301호 (경기테크노파크 기술고도화동)	
인천서부지사	인천 서구 원당대로 676, 404호	
수원지사	경기 수원시 영통구 광교로 146, 9층 (이의동, 안효빌딩)	
성남지사	경기 성남시 분당구 백현로 97, 1003호 (다운타운빌딩)	
안양지사	경기 안양시 만안구 안양로 119, 7층 (계양빌딩)	
용인지사	경기 용인시 기흥구 관곡로64번길 18, 902호 (덕형빌딩)	
평택안성지사	경기 평택시 경기대로 1377, 6층 (진영빌딩)	
화성오산지사	경기 화성시 병점2로 12, 3층 (병점동, 창명빌딩)	
강원지사	강원 원주시 호저로 47, 206호 (강원도경제진흥원)	
강릉출장소	강원 강릉시 강릉대로 317, 501호 (한국빌딩)	
춘천출장소	강원 춘천시 안마산로 99, 401호 (수현빌딩)	
대전지사	대전 유성구 도안북로 57, 4·5층 (유니콘빌딩)	
세종지사	세종특별자치시 한누리대로 169, 7층 (행복타워)	
충북지사	충북 청주시 상당구 중흥로 16, 4층 (전문건설회관)	
충남지사	충남 아산시 배방읍 희망로46번길 45-31, 4층	
천안지사	충남 천안시 동남구 신촌2길 5-4, 3층 (탑산빌딩)	
광주지사	광주 서구 죽봉대로 52, 3층 (한국교직원공제회 광주회관)	
전북동부지사	전북특별자치도 전주시 덕진구 팔과정로 164, 본관 6층 (전북특별자치도경제통상진흥원)	
전북서부지사	전북 익산시 익산대로16길 39, 11층 (창인동1가, S.K빌딩)	
전남동부지사	전남 순천시 중앙로 260, 3층 (석현동, KT 북순천사옥)	
전남서부지사	광주 광산구 무진대로 282, 303호 (우산동, 한국무역회관)	
제주지사	제주 제주시 연삼로 473, 5층 (이도이동, 경제통상진흥원)	
